Scheduler,Average Waiting Time,Average Turnaround Time,CPU Utilization
FIFO,469.55,479.18,1.0
RR,496.375,507.6041666666667,0.9897225077081192
MLQ,460.72,470.35,1.0
CFS,345.58,355.21,1.0
ML,460.08,469.71,1.0
